id	cohort_split	rules
6zqm__B1_P19483--6zqm__Z1_P13619	train	experimental_30
7ujq__A1_Q9UQM7--7ujq__C1_Q13224	train	experimental_30
3oaa__A1_P0ABB0--3oaa__H1_P0A6E6	train	experimental_30
1bog__B1_P01864--1bog__C1_UNDEFINED	train	experimental_30,fragment_90
5jtq__B1_P0AG86--5jtq__E1_P0AEY0	train	fragment_90
7ytc__A1_P01871--7ytc__L1_O60667	train	experimental_30
1u3h__B1_P04213--1u3h__E1_P04370	train	fragment_90
3byy__B1_P0A0L5--3byy__A1_UNDEFINED	train	fragment_90
8cn9__B1_UNDEFINED--8cn9__D1_P08709	train	experimental_30,fragment_90
5cil__A1_UNDEFINED--5cil__C1_P04578	train	experimental_30,fragment_90
8e7s__N1_P00420--8e7s__T1_Q01519	train	experimental_30
5mw0__D1_P54623--5mw0__C1_P54623	train	fragment_90
7a48__B1_UNDEFINED--7a48__B2_UNDEFINED	train	fragment_90
5jme__A1_Q8WSF8--5jme__G1_Q1L777	train	experimental_30
7skz__B1_UNDEFINED--7skz__A1_P0DTC2	train	experimental_30,fragment_90
1c17__F1_P68699--1c17__G1_P68699	train	experimental_30
4v73__Y1_P60422--4v73__DA1_P0A7R1	train	experimental_30
6snd__B1_UNDEFINED--6snd__C1_P04578	train	experimental_30,fragment_90
3p8m__B1_Q96FJ2--3p8m__D1_P03069	train	fragment_90
3kpe__A2_P03420--3kpe__B3_P03420	train	fragment_90
3bew__A1_Q95601--3bew__C1_P09207	train	experimental_30
6t0b__IA1_P00410--6t0b__LA1_P00425	train	experimental_30
4lw4__B1_Q46925--4lw4__C1_UNDEFINED	train	experimental_30
5yc0__C1_P04578--5yc0__D1_UNDEFINED	train	fragment_90
6tzc__A1_P0AEX9--6tzc__B1_P42485	train	fragment_90
2pxy__D1_P06344--2pxy__A1_Q5R1F5	train	fragment_90
4yhp__H1_UNDEFINED--4yhp__A1_P68431	train	experimental_30,fragment_90
6rhy__B1_P05067--6rhy__C1_P05067	train	fragment_90
6uur__B1_P04156--6uur__F1_P04156	train	fragment_90
6rdp__N1_Q4LDE7--6rdp__L1_A0A5H1ZR74	train	experimental_30
7v1l__A1_P49321--7v1l__B2_P84243	train	fragment_90
3cfv__A1_Q16576--3cfv__B1_P62805	train	fragment_90
2fep__A1_P25144--2fep__B1_P08877	train	experimental_30
5kz5__S1_Q16595--5kz5__T1_Q9H1K1	train	fragment_90
8bd3__H1_W8TIK4--8bd3__MB1_UNDEFINED	train	experimental_30
4fqj__A1_I0B7N4--4fqj__C1_UNDEFINED	train	experimental_30,fragment_90
8hr1__D1_O60814--8hr1__I1_UNDEFINED	train	fragment_90
4a0u__A1_P03748--4a0u__C1_P03748	train	fragment_90
7n05__B1_UNDEFINED--7n05__C1_P04578	train	experimental_30,fragment_90
5ya1__A1_P77432--5ya1__C1_P0AA04	train	experimental_30
1e79__G1_P05631--1e79__I1_P05632	train	experimental_30
1rgh__A1_P05798--1rgh__B1_P05798	train	experimental_30
5d1z__G1_UNDEFINED--5d1z__J1_Q69YH5	train	experimental_30,fragment_90
2zvn__A1_P0CG48--2zvn__D1_O88522	train	fragment_90
8j6k__A1_P49662--8j6k__D1_A0A0H2US87	train	fragment_90
2px9__A1_Q9UBT2--2px9__B1_P63279	train	experimental_30
7ytd__B1_P01871--7ytd__M1_O60667	train	experimental_30
5jtr__B1_P0AG86--5jtr__G1_P0AEY0	train	fragment_90
3bl2__A1_P89884--3bl2__C1_O88597	train	fragment_90
6mtt__B1_UNDEFINED--6mtt__C1_A7L302	train	experimental_30,fragment_90
7b57__A1_P11798--7b57__B1_P35609	train	experimental_30
5cmz__A1_P04578--5cmz__B1_UNDEFINED	train	fragment_90
2fx7__B1_UNDEFINED--2fx7__C1_P05880	train	experimental_30,fragment_90
6oj7__A1_P03420--6oj7__B1_P06828	train	fragment_90
6ntx__A2_P03420--6ntx__C2_P06828	train	fragment_90
1hxy__A1_P01903--1hxy__C1_Q03909	train	fragment_90
8c8q__C1_P14575--8c8q__K1_O74471	train	experimental_30
3h5c__A1_Q9UK55--3h5c__B1_P22891	train	experimental_30
2arr__A1_P05120--2arr__B1_P05120	train	experimental_30
6tqp__A1_Q9DHU6--6tqp__B1_Q9BXH1	train	fragment_90
5b1a__A1_P00396--5b1a__G1_P07471	train	experimental_30
7pi5__NA1_UNDEFINED--7pi5__EA1_D0FY01	train	experimental_30
6cp6__M1_P07251--6cp6__V1_P30902	train	experimental_30
4quf__C1_Q7JXA8--4quf__D1_P02299	train	fragment_90
5kz5__D1_Q9Y697--5kz5__W1_Q16595	train	fragment_90
5yc0__C1_P04578--5yc0__E1_UNDEFINED	train	fragment_90
6gku__B2_UNDEFINED--6gku__A2_Q05315	train	experimental_30,fragment_90
7ust__B1_P68874--7ust__A1_UNDEFINED	train	fragment_90
2lrl__C1_P69791--2lrl__D1_P0AA04	train	experimental_30
5z62__B1_P00403--5z62__N1_O00483	train	experimental_30
6pqk__A1_P00648--6pqk__D1_P11540	train	experimental_30
1zgl__B1_Q30154--1zgl__C1_P02686	train	fragment_90
1r5i__B1_P01911--1r5i__C1_P11133	train	fragment_90
7u09__B1_UNDEFINED--7u09__C1_UNDEFINED	train	experimental_30,fragment_90
6t0b__JA1_P00420--6t0b__NA1_P10174	train	experimental_30
2kwk__B1_Q92784--2kwk__A1_P68431	train	fragment_90
6vol__L1_P06451--6vol__N1_P69447	train	experimental_30
2b9j__A1_P16892--2b9j__B1_UNDEFINED	train	experimental_30
4drb__C1_Q8IYD8--4drb__B1_Q8N2Z9	train	fragment_90
7ccr__V1_Q8N884--7ccr__O1_P06899	train	fragment_90
6c0a__A1_Q7TPR4--6c0a__B1_Q13936	train	fragment_90
7jrp__U1_UNDEFINED--7jrp__Z1_A0A1S3UMA0	train	experimental_30
1dlh__B1_P01911--1dlh__C1_P04664	train	fragment_90
7vuw__B1_P68530--7vuw__I1_P04038	train	experimental_30
8e7s__JA1_P00420--8e7s__NA1_P32799	train	experimental_30
8g58__C1_P10636--8g58__G1_P10636	train	fragment_90
7os4__A2_Q9WVG6--7os4__E2_P68433	train	fragment_90
3mbe__D1_P01849--3mbe__C1_P00698	train	fragment_90
2iij__A1_Q9Y294--2iij__B1_Q71DI3	train	fragment_90
5zwx__A1_A0A493R6M0--5zwx__B1_P59226	train	fragment_90
7aye__B1_Q328D2--7aye__A1_Q00987	train	experimental_30
1g2c__E1_P11209--1g2c__B1_P11209	train	fragment_90
2ipk__A1_P01903--2ipk__C1_A8CDU0	train	fragment_90
2grq__A1_P63279--2grq__B1_P46060	train	experimental_30
2kxw__A1_P07463--2kxw__B1_P04775	train	experimental_30
3eze__A1_P08839--3eze__B1_P0AA04	train	experimental_30
5kz5__I1_Q9Y697--5kz5__Q1_Q16595	train	fragment_90
6u62__B1_Q7L523--6u62__D1_Q6IAA8	train	fragment_90
2l1r__A1_P63316--2l1r__B1_P19429	train	fragment_90
6zdx__B1_Q8NHL6--6zdx__A1_Q8I4N9	train	fragment_90
6biy__B1_P01911--6biy__C1_Q96A08	train	fragment_90
7w3e__P1_P00415--7w3e__W1_P07470	train	experimental_30
6kn7__X1_P09493--6kn7__U1_P19429	train	fragment_90
3so3__A1_Q9Y5Y6--3so3__C1_UNDEFINED	train	experimental_30,fragment_90
7ekb__A1_UNDEFINED--7ekb__C1_P04578	train	experimental_30,fragment_90
6qz0__UD1_P13849--6qz0__IL1_B3VMP4	train	fragment_90
2lqc__A1_P0DP23--2lqc__B1_Q13936	train	experimental_30,fragment_90
5y14__C1_Q1HMR5--5y14__D1_UNDEFINED	train	fragment_90
4psw__A1_Q12341--4psw__C1_V8PGJ1	train	fragment_90
6t0b__U1_P00401--6t0b__Y1_P00425	train	experimental_30
6shs__C1_P05067--6shs__F1_P05067	train	fragment_90
1h8e__E1_P00829--1h8e__G1_P05631	train	experimental_30
2yns__A1_Q71VM4--2yns__C1_UNDEFINED	train	fragment_90
5jtr__C1_P0AG86--5jtr__E1_P0AEY0	train	fragment_90
6gk3__F1_P61769--6gk3__G1_P61769	train	fragment_90
6vbo__A1_UNDEFINED--6vbo__C1_I2E6B7	train	experimental_30,fragment_90
8grx__D1_Q6PI73--8grx__C1_P02649	train	experimental_30
7w3e__B1_P68530--7w3e__H1_P00429	train	experimental_30
6ymx__B1_P00410--6ymx__I1_P07255	train	experimental_30
5y14__B1_Q1HMR5--5y14__F1_UNDEFINED	train	fragment_90
5h0n__C1_P04578--5h0n__D1_UNDEFINED	train	fragment_90
6yny__QA1_Q22Z05--6yny__IB1_I7MMW3	train	experimental_30
2h47__A1_P84888--2h47__C1_P00281	train	experimental_30
6ggr__B1_A0A0F6AZI6--6ggr__A1_Q04207	train	fragment_90
3qo2__A1_Q99549--3qo2__B1_P68431	train	fragment_90
6qvk__YL1_B3VMP4--6qvk__HM1_B3VMP4	train	fragment_90
2g46__C1_O41094--2g46__D1_O24165	train	fragment_90
7arx__B1_P48740--7arx__C1_Q4GWU5	train	experimental_30
2iuh__A1_P27986--2iuh__B1_P10721	train	fragment_90
5eok__A1_P03951--5eok__B1_UNDEFINED	train	fragment_90
5v6l__B1_UNDEFINED--5v6l__C1_P20871	train	experimental_30,fragment_90
6t15__U1_P00401--6t15__BA1_P04039	train	experimental_30
7w3e__B1_P68530--7w3e__E1_P00426	train	experimental_30
7jow__A1_Q9Y5K2--7jow__B1_P83052	train	experimental_30
4puf__A1_D0ZRB2--4puf__D1_P10599	train	experimental_30
2m4j__D1_P05067--2m4j__E1_P05067	train	fragment_90
8bd3__CA1_W8SKL0--8bd3__Y1_A0A076EAR3	train	experimental_30
5xoc__A1_P84022--5xoc__B1_P0AA25	train	fragment_90
1m45__A1_P53141--1m45__B1_P19524	train	experimental_30
1bui__B1_P00747--1bui__C1_P15240	train	experimental_30
2ktb__B1_Q86U86--2ktb__A1_UNDEFINED	train	fragment_90
5zau__B1_UNDEFINED--5zau__A1_P06241	train	experimental_30
8f29__W1_P07251--8f29__G1_Q12349	train	experimental_30
3sqo__A1_Q8NBP7--3sqo__B1_UNDEFINED	train	experimental_30,fragment_90
5dmg__B1_UNDEFINED--5dmg__H1_P10636	train	experimental_30,fragment_90
1jzd__A1_P0AEG6--1jzd__C1_P36655	train	experimental_30
6mup__N1_Q96H22--6mup__E1_P49450	train	fragment_90
3u30__C1_UNDEFINED--3u30__A1_P0CG48	train	experimental_30,fragment_90
8hqy__E1_A0A653DHJ5--8hqy__I1_Q16385	train	fragment_90
2efc__A1_Q9LT31--2efc__B1_Q9SN68	train	experimental_30
8dh6__A1_P00401--8dh6__G1_P10174	train	experimental_30
6kx9__A1_Q9GIP6--6kx9__C1_UNDEFINED	train	experimental_30
4jo3__B1_UNDEFINED--4jo3__C1_P35961	train	experimental_30,fragment_90
1yvs__A1_P00648--1yvs__A2_P00648	train	experimental_30
5o32__H1_P08603--5o32__J1_P05156	train	experimental_30
6irl__A1_Q9GIP6--6irl__C1_Q809J3	train	experimental_30
5xnl__JA1_P06006--5xnl__VA1_P16059	train	experimental_30
8hcr__E1_P9WP71--8hcr__H1_I6YDH3	train	experimental_30
8bge__A1_P60422--8bge__F1_P0A7R1	train	experimental_30
7jtk__HA1_A0A2K3DCN8--7jtk__W1_A8I2U9	train	experimental_30
5myx__B1_UNDEFINED--5myx__E1_P05067	train	experimental_30,fragment_90
1hv2__A1_Q03071--1hv2__B1_P40338	train	fragment_90
1guw__A1_P83917--1guw__B1_P68433	train	fragment_90
7cce__A1_Q8RXT5--7cce__B1_P59226	train	fragment_90
5o09__Q1_Q8GCC1--5o09__O1_A8Y5U5	train	experimental_30
2xdf__B1_P08839--2xdf__D1_P0AA04	train	experimental_30
7cna__A1_Q9Y657--7cna__E1_UNDEFINED	train	fragment_90
2icw__B1_P01911--2icw__C1_UNDEFINED	train	fragment_90
6jlu__O1_B6ZHE8--6jlu__OA1_UNDEFINED	train	experimental_30
4u27__CA1_P0A7R1--4u27__SA1_P0A7M2	train	experimental_30
5d1x__A1_UNDEFINED--5d1x__E1_Q2FZF0	train	experimental_30,fragment_90
6fkh__F1_P06450--6fkh__Y1_P06453	train	experimental_30
7jrp__W1_UNDEFINED--7jrp__Z1_A0A1S3UMA0	train	experimental_30
1m46__A1_P53141--1m46__B1_P19524	train	experimental_30
7jrp__W1_UNDEFINED--7jrp__CA1_A0A1S3TUX2	train	experimental_30
6yxy__OB1_C9ZK52--6yxy__PB1_Q383Y4	train	experimental_30
6j5e__E1_P04578--6j5e__C1_P04578	train	fragment_90
1f3j__A1_P04228--1f3j__C1_P00698	train	fragment_90
5u3m__A1_UNDEFINED--5u3m__C1_Q73372	train	experimental_30,fragment_90
5h6q__A1_O60341--5h6q__C1_P68431	train	fragment_90
6sos__C1_P22629--6sos__E1_UNDEFINED	train	fragment_90
2oje__D1_Q48898--2oje__C1_Q91LS8	train	fragment_90
2ybf__A1_P63146--2ybf__B1_Q9NS91	train	experimental_30
4jzo__A1_UNDEFINED--4jzo__J1_P27958	train	experimental_30,fragment_90
3zia__Q1_P38077--3zia__T1_P01097	train	experimental_30
4wy7__A1_UNDEFINED--4wy7__C1_P05880	train	experimental_30,fragment_90
7xct__M1_Q8TEK3--7xct__H1_O60814	train	fragment_90
1htm__F1_P03437--1htm__B1_P03437	train	fragment_90
1iak__A1_P01910--1iak__C1_Q29431	train	fragment_90
6m4x__E1_Q8WSF8--6m4x__F1_L8BU87	train	experimental_30
4lqw__A1_P49792--4lqw__D1_P12497	train	experimental_30
5fq2__A1_P63279--5fq2__B1_Q9UBT2	train	experimental_30
6o3j__B1_UNDEFINED--6o3j__E1_P04578	train	experimental_30,fragment_90
6iui__A1_Q9Z272--6iui__D1_P49023	train	fragment_90
1iam__A1_P05362--1iam__A2_P05362	train	fragment_90
6gku__C2_UNDEFINED--6gku__A2_Q05315	train	experimental_30,fragment_90
4emz__F1_P35585--4emz__B1_P04439	train	fragment_90
1div__A1_P02417--1div__A2_P02417	train	experimental_30,reserved_pdb_id
7a4d__A1_UNDEFINED--7a4d__E1_UNDEFINED	train	fragment_90
3r0h__A1_Q24008--3r0h__B1_UNDEFINED	train	fragment_90
7p0s__A1_A0A0R8HV90--7p0s__B1_Q9BXH1	train	fragment_90
6m4z__A1_Q8WSF8--6m4z__B1_L8BU87	train	experimental_30
7ujs__A1_Q9UQM7--7ujs__B1_Q13224	train	experimental_30
4xxd__B1_P01857--4xxd__C1_P05067	train	experimental_30,fragment_90
2bl0__B1_P08053--2bl0__A1_Q9BJD3	train	experimental_30
1ok8__A1_P12823--1ok8__A3_P12823	train	fragment_90
2yba__A1_Q24572--2yba__D1_P02299	train	fragment_90
4xmk__B1_UNDEFINED--4xmk__C1_P05877	train	experimental_30,fragment_90
3dks__D1_P52235--3dks__F1_UNDEFINED	train	experimental_30
8h9v__T1_P25705--8h9v__L1_O75947	train	experimental_30
3fwb__A1_P06704--3fwb__C1_Q6WNK7	train	experimental_30
7mzt__B1_P00736--7mzt__C1_O50835	train	experimental_30
1qle__A1_P98002--1qle__D1_P77921	train	experimental_30
5d6j__A1_A0R618--5d6j__B1_Q12306	train	fragment_90
1g2c__C1_P11209--1g2c__E1_P11209	train	fragment_90
2zvn__A1_P0CG48--2zvn__C1_O88522	train	fragment_90
6m4z__E1_Q8WSF8--6m4z__F1_L8BU87	train	experimental_30
4d3c__B1_UNDEFINED--4d3c__A1_P14210	train	experimental_30,fragment_90
7jhg__D1_P0AEX9--7jhg__C1_P54619	train	fragment_90
1jwu__A1_P01903--1jwu__C1_UNDEFINED	train	fragment_90
5ubm__A1_P09871--5ubm__C1_UNDEFINED	train	experimental_30
3rof__A1_P0C5D2--3rof__B1_UNDEFINED	train	experimental_30
6kad__DB1_P92276--6kad__ZA1_UNDEFINED	train	experimental_30
2rsn__A1_Q10103--2rsn__B1_P61830	train	fragment_90
5jme__D1_Q8WSF8--5jme__H1_Q1L777	train	experimental_30
3eob__B1_UNDEFINED--3eob__C1_P20701	train	experimental_30,fragment_90
1ilq__A1_P10145--1ilq__C1_P25024	train	experimental_30
1kg0__A1_P01903--1kg0__C1_P03437	train	fragment_90
1fsk__C1_UNDEFINED--1fsk__A1_P15494	train	experimental_30,fragment_90
2br8__C1_Q8WSF8--2br8__G1_P50984	train	experimental_30
6n5m__A1_P0CG50--6n5m__C1_Q9WUU8	train	fragment_90
6j5e__A1_P04578--6j5e__B1_UNDEFINED	train	fragment_90
5h07__A1_P0CG48--5h07__B1_Q8NFZ5	train	fragment_90
4nbx__A1_P16154--4nbx__B1_UNDEFINED	train	fragment_90
6rhy__B1_P05067--6rhy__D1_P05067	train	fragment_90
1g2c__C1_P11209--1g2c__D1_P11209	train	fragment_90
5vbc__A1_B9RU15--5vbc__C1_P59226	train	fragment_90
5cmz__A1_P04578--5cmz__A2_P04578	train	fragment_90
7u0e__A1_UNDEFINED--7u0e__D1_UNDEFINED	train	experimental_30,fragment_90
8d4v__A1_P08311--8d4v__C1_Q99QS1	train	experimental_30
7ekk__A1_UNDEFINED--7ekk__C1_P04578	train	experimental_30,fragment_90
4eq0__A1_P03369--4eq0__B1_Q9YP46	train	fragment_90
1pua__A1_Q27198--1pua__B1_P61830	train	fragment_90
4y1l__B1_P63279--4y1l__C1_Q9Y3V2	train	experimental_30
6v6a__A1_Q2QDG8--6v6a__B1_S7V0W9	train	experimental_30
5zqg__A1_R4JK63--5zqg__C1_UNDEFINED	train	experimental_30
6ayz__A1_UNDEFINED--6ayz__F1_P32447	train	experimental_30,fragment_90
5vzy__A1_P0DOX5--5vzy__C1_P05067	train	experimental_30,fragment_90
5bk1__E1_P0AEX9--5bk1__A1_UNDEFINED	train	experimental_30,fragment_90
2xn9__D1_P01903--2xn9__F1_Q03909	train	fragment_90
5fbz__A1_A0A182DWC7--5fbz__B1_P01053	val	experimental_30
2cn4__A1_Q54450--2cn4__B1_Q54450	val	experimental_30
1yvb__A1_Q8I6U4--1yvb__B1_P01038	val	experimental_30
3n4i__A1_P0AD64--3n4i__B1_P35804	val	experimental_30
1eej__A1_P0AEG6--1eej__B1_P0AEG6	val	experimental_30,reserved_pdb_id
1cdc__A1_P08921--1cdc__B1_P08921	val	experimental_30,reserved_pdb_id
4giz__A1_P0AEX9--4giz__C1_P03126	val	fragment_90
4per__A1_Q5ZIY8--4per__B1_P27043	val	experimental_30
6i0i__A1_P83544--6i0i__B1_P83544	val	experimental_30
2oul__A1_Q8I6U4--2oul__B1_Q966X9	val	experimental_30
7aex__A1_P52129--7aex__A2_P52129	val	fragment_90
4ksl__A1_Q96BN8--4ksl__B1_P0CG48	val	fragment_90
